SNPID;Company Name;Product Name
012;Native Instruments;Elastic Thump
013;Native Instruments;Keyboard Collection
026;Sonokinetic;Ostinato Strings
029;Spitfire Audio;Spitfire Symphonic Woodwinds
031;Spitfire Audio;Spitfire Symphonic Strings
033;Soundiron;Elysium Harp
048;Spitfire Audio;Albion V
049;Spitfire Audio;Spitfire Symphonic Brass
051;Orchestral Tools;Metropolis Ark 2
055;Orchestral Tools;Berlin Brass
058;Spitfire Audio;Chamber Strings
064;Native Instruments;Session Guitarist - Strummed Acoustic 2
076;Native Instruments;Symphony Series Woodwind Ensemble
077;Native Instruments;Symphony Series Woodwind Solo
079;Cinematic Samples;Cinematic Studio Strings
081;Cinesamples;CineStrings Solo
085;Native Instruments;Form
087;Best Service;Chris Hein - Solo Violin
088;Native Instruments;Symphony Essentials Woodwind Ensemble
089;Chris Hein;Chris Hein - Solo Violin
090;Native Instruments;Molten Veil
092;Big Fish Audio;Cyborg
095;Native Instruments;Queensbridge Story
097;Heavyocity;Heavyocity MS Ensemble Woods
100;Cinesamples;Piano in Blue V2
101;Garritan;Stradivari Solo Violin
103;Native Instruments;Otto
104;Native Instruments;Absynth 2
105;Native Instruments;Absynth 2
106;Native Instruments;Absynth 2
107;Native Instruments;Kompakt
108;Native Instruments;Kompakt
109;Native Instruments;Kompakt
111;Best Service;Drums Overkill
112;Native Instruments;Traktor Pro
113;Native Instruments;Intakt
114;Native Instruments;Intakt
115;Native Instruments;Intakt
116;Native Instruments;Traktor FS 1.5
117;Native Instruments;Traktor FS 1.5
118;Native Instruments;Traktor FS 1.5
119;Native Instruments;Traktor FS 2
120;Native Instruments;Traktor Scratch
122;Native Instruments;Traktor Scratch Duo
123;Native Instruments;Traktor LE
126;Native Instruments;Traktor Duo
127;Native Instruments;Traktor VMS Edition
129;Native Instruments;Traktor 2
131;Native Instruments;Traktor Scratch Pro 2
132;Native Instruments;Traktor Duo 2
133;Native Instruments;Traktor Scratch Duo 2
134;Native Instruments;Traktor LE
135;Native Instruments;Traktor Pioneer DDJ-T1 Edition
136;Native Instruments;TRAKTOR Pioneer DDJ-T1 Edition 2
137;Native Instruments;TRAKTOR Velocity Midi Station Edition 2
138;Native Instruments;TRAKTOR Numark 4TRAK Edition 2
139;Native Instruments;Traktor Pro 2 - Traktor Scratch Pro 2
140;Native Instruments;Massive
141;Native Instruments;Traktor Pro 2 - Traktor Scratch Duo 2
149;Native Instruments;Vintage Compressors Mk2
150;Native Instruments;Audio Kontrol 1
151;Native Instruments;Skanner XT
152;Native Instruments;The Giant
156;Sennheiser;DrumMic'a!
157;Impact Soundworks;Juggernaut
158;Native Instruments;Drum Lab
159;Native Instruments;Static Friction
163;Native Instruments;Traktor Pro 2 - Traktor Scratch Pro 2
164;Sample Logic;HAVOC
166;Soniccoutre;Geosonics
167;Embertone;Friedlander Violin
168;Soniccoutre;Clav
169;Soniccoutre;Grand Marimba
170;Native Instruments;Elektrik Piano
171;Native Instruments;Elektrik Piano
172;Native Instruments;Akoustik Piano
173;Native Instruments;Elektrik Piano 1.5
174;Native Instruments;Guitar Rig
175;Native Instruments;Guitar Rig 3
176;Native Instruments;Guitar Rig 3 LE
177;Native Instruments;Guitar Rig 3 XE
178;Native Instruments;Guitar Rig 3 GO
179;Native Instruments;Guitar Rig 3 LE
180;Native Instruments;Guitar Combos
181;Native Instruments;Twang Combo
182;Native Instruments;AC-Box Combo
183;Native Instruments;Plex Combo
184;Native Instruments;Guitar Rig 3 Dark Fire (aka Guitar Rig 2)
185;Native Instruments;AC-Box Combo
191;Native Instruments;RC 24
192;Native Instruments;RC 48
193;Big Fish Audio;Vintage Horns
194;Big Fish Audio;SWAGG
195;ProjectSAM;Lumina
196;Heavyocity;AEON Melodic
197;Heavyocity;AEON Rhythmic
198;Best Service;Peter Siedlaczekï¿½s Complete Orchestral Collection
199;drumsonic;drumasonic LUXURY
200;Native Instruments;Reaktor 2.3
201;Native Instruments;Reaktor 2.3
202;Native Instruments;Reaktor 2.3
203;Native Instruments;Reaktor 2.3
204;Native Instruments;Prism
205;Native Instruments;The Finger
206;Native Instruments;Spark
207;Native Instruments;Reaktor Factory Selection
208;Native Instruments;Reaktor Elements Selection
209;Native Instruments;The Mouth
210;Native Instruments;Mikro Prism
212;Native Instruments;Razor
213;Native Instruments;Skanner
214;Soundiron;Olympus Elements
215;Plugin Guru;MegaMacho Drums
217;Sample Logic;Virtual Ensemble Trilogy
218;Big Fish Audio;Epic Cinematic Drums and Sound Design
219;Embertone;Blakus Cello
221;Vir2;Cinematic Thunder
222;Sample Modeling;The Trombone 3.0
224;Best Service;Shevannai
225;Native Instruments;Action Strikes
226;Sonokinetic;Minimal
227;Big Fish Audio;Zodiac
228;Big Fish Audio;Vintage VI
229;Native Instruments;Kinetic Metal
230;Native Instruments;Reaktor 2.3
231;Soundiron;Apocalypse Elements
232;Orchestral Tools;Berlin Strings
234;Native Instruments;B4
238;Native Instruments;B4 II
239;Native Instruments;B4 II
240;Native Instruments;Reaktor 2.3
241;Soniccoutre;The Attic
242;Soniccoutre;Vibraphone SC
245;Cinesamples;CineStrings Core
246;Zero-G;Epica
247;Native Instruments;Resonant Blaze
248;Native Instruments;Molekular
249;Native Instruments;Battery 4
250;Native Instruments;Battery 4 Factory Library
251;Native Instruments;Battery
252;Native Instruments;Battery
253;Native Instruments;Battery
254;Native Instruments;Battery
255;Native Instruments;Battery 3
256;Native Instruments;Battery 2
257;Native Instruments;Battery 2
258;Native Instruments;Battery 2
259;Native Instruments;Battery 4
260;Native Instruments;Supercharger
261;Native Instruments;Absynth
262;Native Instruments;Absynth
263;Native Instruments;Absynth
264;Native Instruments;Absynth
265;Native Instruments;Absynth 3
266;Native Instruments;Absynth 3
267;Native Instruments;Absynth 3
268;Native Instruments;Absynth 4
269;Native Instruments;Absynth 5
271;Native Instruments;FM7
272;Native Instruments;FM7
273;Native Instruments;FM7
274;Native Instruments;FM7
275;Native Instruments;FM8
276;Native Instruments;Kontakt 4
277;Native Instruments;Rising Crescent
279;Native Instruments;Kontakt 4
282;Native Instruments;Kontakt
283;Native Instruments;Kontakt
284;Native Instruments;Kontakt
285;Impact Soundworks;Shreddage
288;Native Instruments;Kontakt 2
289;Native Instruments;Kontakt 2
290;Native Instruments;Pro-53
291;Native Instruments;Pro-53
292;Native Instruments;Pro-52
293;Heavyocity;DM-307
294;Native Instruments;Supercharger GT
295;Native Instruments;Marble Rims
296;Best Service;Altus
297;RealiTone;Realivox Blue
298;Native Instruments;Pro-53
299;Native Instruments;Pro-53
301;Native Instruments;Reaktor 3
302;Native Instruments;Reaktor
303;Native Instruments;Reaktor
304;Native Instruments;Reaktor
305;Native Instruments;Reaktor 4
306;Native Instruments;Reaktor 4
307;Native Instruments;Reaktor Sesson
308;Native Instruments;Reaktor Session
309;Native Instruments;Reaktor 4
310;Native Instruments;Studio Collection
311;Native Instruments;Studio Collection
312;Native Instruments;Reaktor Session
313;Spitfire Audio;Hans Zimmer HZ01 Percussion
314;Native Instruments;Session Horns Pro
315;Native Instruments;Reaktor 5
320;Native Instruments;Maschine
321;Native Instruments;Kontakt 5
322;Native Instruments;Kontakt 5
323;Native Instruments;Kontakt 5
324;Native Instruments;Kontakt Factory Library
325;Native Instruments;Rise and Hit
326;Best Service;Cantus
327;e-instruments;Session Keys Grand S
328;e-instruments;Session Keys Grand Y
329;Native Instruments;Halcyon Sky
330;Native Instruments;Maschine Expansion
331;Native Instruments;Transistor Punch
332;Native Instruments;Vintage Heat
333;Native Instruments;True School
334;Native Instruments;Maschine 2 (aka Maschine)
335;Native Instruments;Dark Pressure
336;Native Instruments;Platinum Bounce
337;Native Instruments;Raw Voltage
340;Native Instruments;Conant Gardens
341;Native Instruments;Pulsewerk
345;Heavyocity;Quantum Damage
346;Native Instruments;Electric Vice
347;Native Instruments;Drop Squad
348;Native Instruments;Drop Squad Sounds
349;Native Instruments;Drop Squad Bundle
350;Native Instruments;'57 Drawbar Organ
351;Native Instruments;Best of Massive
352;Native Instruments;Best Of Reaktor Vol. 1
353;Native Instruments;Synthetic Drums Reloaded
354;Native Instruments;Best Of Absynth
355;Native Instruments;Kontakt Sax And Brass
356;Native Instruments;Massive Expansion Vol. 1
357;Native Instruments;Pop Drums
364;Native Instruments;Deep Transformations
365;Native Instruments;FM8 Transient Attacks
366;Native Instruments;Urban Arsenal
367;Native Instruments;Kore Electronic Experience
368;Native Instruments;Absynth Twilights
371;Native Instruments;Massive Expansion Vol. 2
372;Native Instruments;True Strike Tension
373;Native Instruments;Acoustic Refractions
374;Native Instruments;Reaktor Spark
375;Native Instruments;Absynth Spectral Expansion
376;Native Instruments;Urban Arsenal 2
377;Native Instruments;North India
378;Native Instruments;Deep Reconstructions
379;Native Instruments;Essential Bass
380;Native Instruments;The Finger
381;Native Instruments;Sonic Fiction
382;Native Instruments;Massive Threat
383;Native Instruments;Paranormal Spectrums
384;Native Instruments;Deep Freq
385;Native Instruments;Maschine 2
387;Native Instruments;Maschine 2 Factory Library
388;ProjectSAM;Symphobia Colours Animator
389;ProjectSAM;Symphobia Colours Orchestrator
390;Vir2;Acou6tics
391;Native Instruments;Reaktor 6
392;Impact Soundworks;Archtop
394;Native Instruments;Grey Forge
396;Best Service;Chris Hein - Winds Vol 3
397;Best Service;Chris Hein - Winds Vol 1
398;Best Service;Chris Hein - Winds Vol 2
399;Best Service;Chris Hein - Winds Vol 4
400;Native Instruments;Kontakt 3
401;Native Instruments;Kontakt Factory Selection
402;Native Instruments;Maschine Drum Selection
405;Heavyocity;Evolve Mutations
406;Native Instruments;Scarbee Pre-Bass
407;Native Instruments;Scarbee Pre-Bass Amped
408;Native Instruments;Discovery Series: Balinese Gamelan
409;Native Instruments;Upright Piano
410;Native Instruments;Berlin Concert Grand
411;Native Instruments;New York Concert Grand
412;Native Instruments;Vienna Concert Grand
413;Native Instruments;Scarbee MM-Bass
414;Native Instruments;Scarbee MM-Bass Amped
415;Native Instruments;Scarbee Jay-Bass
416;Native Instruments;Abbey Road 60s Drums
417;Native Instruments;Alicias Keys
418;Native Instruments;Scarbee Clavinet Pianet
419;Heavyocity;Evolve Mutations 2
420;Native Instruments;Scarbee A-200
421;Native Instruments;Scarbee Mark I
422;Native Instruments;Scarbee Vintage Keys
423;Native Instruments;Abbey Road 70s Drums
424;Native Instruments;Session Strings
425;Native Instruments;Vintage Organs
426;Native Instruments;Kontakt Elements
427;Native Instruments;Abbey Road 60s Drums Vintage
428;Native Instruments;Abbey Road 80s Drums
429;Native Instruments;Abbey Road Modern Drums
430;Native Instruments;George Duke Soul Treasures
431;Native Instruments;Scarbee Funk Guitarist
432;Native Instruments;Kontakt Elements Selection R2
433;Native Instruments;Discovery Series: West Africa
434;Native Instruments;Session Strings Pro
435;Native Instruments;Studio Drummer
436;Native Instruments;Retro Machines Mk2
437;Native Instruments;Damage
438;Native Instruments;Abbey Road 60s Drummer
439;Native Instruments;Abbey Road 70s Drummer
440;Native Instruments;Abbey Road 80s Drummer
441;Native Instruments;Abbey Road Modern Drummer
442;Native Instruments;Evolve R2
444;Native Instruments;Enhanced EQ
445;Native Instruments;Passive EQ
446;Native Instruments;Vari Comp
447;Native Instruments;Solid EQ FX (aka Solid EQ)
448;Native Instruments;VC 76 FX
449;Native Instruments;Solid Dynamics FX (aka Solid Dynamics)
450;Native Instruments;Solid Bus Comp FX (aka Solid Bus Comp)
451;Native Instruments;Transient Master FX
452;Native Instruments;VC 160 FX (aka VC 160)
453;Native Instruments;VC 2A FX (aka VC 2A)
454;Native Instruments;Action Strings
455;Native Instruments;Session Horns
456;Native Instruments;Monark
457;Native Instruments;Abbey Road Vintage Drummer
458;Native Instruments;Driver
459;Native Instruments;Scarbee Rickenbacker Bass
462;Native Instruments;Pro-53 Xpress
464;Native Instruments;B4 Xpress
465;Native Instruments;B4 Xpress
466;Native Instruments;Xpress Keyboards
467;Native Instruments;Xpress Keyboards
469;Native Instruments;Abbey Road 50s Drummer
471;Native Instruments;Lucid Mission
472;Wave Alchemy;Digital Revolution
473;Big Fish Audio;Urban Legacy XXL
474;Big Fish Audio;GOTH
475;Sample Logic;Arpology
480;Native Instruments;Arcane Attic
481;Cinesamples;CineStrings - Runs
482;Cinesamples;Artist Series - Tina Guo
483;Sonokinetic;Grosso
484;Prominy;Hummingbird
485;Native Instruments;Komplete Kontrol
486;Native Instruments;The Maverick
487;Native Instruments;The Grandeur
488;Native Instruments;The Gentleman
489;Native Instruments;Rounds
490;Native Instruments;Polyplex
491;Native Instruments;Kontour
492;Native Instruments;Komplete 10
493;Native Instruments;Komplete 10 Ultimate
494;Spitfire Audio;Hans Zimmer HZ02 Percussion Los Angeles
495;Native Instruments;Circuit Halo
496;The Sound of Poland;B-11X Multi-timbral Synth and Organ
497;Samplephonics;Dirty Modular
500;Native Instruments;NI Spektral Delay
501;Native Instruments;NI Spektral Delay
502;Native Instruments;NI Spektral Delay
503;Native Instruments;NI Spektral Delay
504;Native Instruments;NI Spektral Delay
505;Native Instruments;NI Spektral Delay
506;Native Instruments;NI Spektral Delay
507;Native Instruments;Vokator
508;Native Instruments;Vokator
510;Native Instruments;Vokator
511;Native Instruments;Guitar Rig 4
512;Native Instruments;Guitar Rig 4 Pro
513;Native Instruments;Guitar Rig 4 Factory Selection - Guitar Rig 4 Pro
514;Native Instruments;Guitar Rig 4 LE
515;Native Instruments;Guitar Rig 4 Essential
516;Native Instruments;Guitar Rig 4 Factory Selection - Guitar Rig 4 Essential
517;Native Instruments;Guitar Rig 4 Factory Selection - Guitar Rig 4 Essential
518;Native Instruments;Rammfire
519;Spitfire Audio;Earth
520;Native Instruments;Reflektor
523;Native Instruments;Traktors 12
525;Native Instruments;Guitar Rig 5 Pro
526;Native Instruments;Vintage Compressors
527;Native Instruments;VC 76
528;Native Instruments;Vintage Compressors GR5 (aka VC 2A)
529;Native Instruments;VC 160
530;Native Instruments;Transient Master
531;Native Instruments;Guitar Rig 5 Factory Selection
532;Native Instruments;Guitar Rig Factory Selection Library (aka Elements Selection)
533;Native Instruments;Guitar Rig Elements Selection Library (aka Guitar Rig 5 LE)
534;Native Instruments;Solid Mix Series
535;Native Instruments;Solid Dynamics
536;Native Instruments;Solid EQ
537;Native Instruments;Solid Bus Comp
539;Native Instruments;Solid Mix Series Mk2
540;Native Instruments;Discovery Series: Cuba
541;Sample Logic;Cinematic Keys
542;Audiobro;LA Drama Drums (LADD)
543;Native Instruments;Magnate Hustle
544;Native Instruments;Replika
545;sonic cat;Calliope
546;Native Instruments;Caribbean Current
547;Best Service;Mystica
548;Big Fish Audio;Smack: Claps, Snaps & Stomps
549;Big Fish Audio;Vintage Strings
550;Best Service;Drums Overkill
551;Sample Logic;Xosphere
552;Spitfire Audio;Hans Zimmer HZ03 Percussion London Solos
553;ProjectSAM;Orchestral Essentials 2
554;Native Instruments;Paradise Rinse
555;Native Instruments;Arcane
556;Native Instruments;Prospect Haze
557;Vir2 (by Big Fish);Apollo: Cinematic Guitars
558;Output;Signal
559;Soniccoutre;Hammersmith Pro (aka Hammersmith Pro Edition)
560;Big Fish Audio;Fuse
561;Native Instruments;Replika XT
563;Spitfire Audio;Albion IV
564;8Dio;Borosilicate Bells
568;Native Instruments;Session Guitarist - Strummed Acoustic
569;Native Instruments;Emotive Strings
571;Big Fish Audio;Ambient White
574;Best Service;Emotional Cello
577;Native Instruments;Neon Drive
578;e-instruments;Session Keys Electric R
580;Sample Logic;Bohemian
581;Native Instruments;Astral Flutter
584;Native Instruments;Golden Kingdom
585;Soniccoutre;Box Of Tricks
587;Native Instruments;Discovery Series: India
588;Impact Soundworks;PEARL Concert Grand
590;Native Instruments;Symphony Series Brass Solo
591;Native Instruments;Symphony Series Brass Ensemble
592;Sample Logic;Cinematic Guitars Infinity
594;Native Instruments;Amplified Funk
595;Big Fish Audio;Ambient Black
596;Big Fish Audio;The Foundry
598;Heavyocity;Gravity
599;Native Instruments;Flesh
601;Native Instruments;Traktor DJ Studio
602;Native Instruments;Traktor DJ Studio
603;Native Instruments;Traktor DJ Studio
604;Native Instruments;Traktor DJ Studio
605;Native Instruments;Traktor DJ Studio 2
606;Native Instruments;Traktor DJ Studio 2
607;Native Instruments;Traktor DJ Studio 2
609;Native Instruments;Traktor DJ Studio 2.x
610;Wide Blue Sound;Orbit
611;Native Instruments;Traktor DJ
612;Native Instruments;Traktor D3
613;Native Instruments;Traktor D3
614;Native Instruments;Lone Forest
615;Native Instruments;Traktor D3
616;Native Instruments;Traktor 3
617;Native Instruments;Traktor 3
618;Soniccoutre;Balinese Gamelan II
619;Impact Soundworks;Bravura Scoring Brass
620;Native Instruments;Traktor D3
622;Native Instruments;Traktor Hercules
623;Cinesamples;CineWinds
624;Native Instruments;Traktor Hercules
625;Native Instruments;Traktor 3 LE
626;Cinesamples;CineWinds Core
627;Cinesamples;CineWinds Pro
628;Native Instruments;Discovery Series: Gamelan
629;Impact Soundworks;Shreddage Drums
632;Native Instruments;Velvet Lounge
633;Native Instruments;Symphony Series String Ensemble
634;Native Instruments;Reaktor 6 Bundle
635;Native Instruments;Reaktor Blocks
636;Native Instruments;Reaktor Factory Library
637;Native Instruments;Reaktor, Reaktor 6 Player
639;Output;REV X-Loops
640;Output;EXHALE
642;The Loop Loft;Drum Direktor CINEMATIK
643;The Loop Loft;Drum Direktor FNK-4
645;Big Fish Audio;Vintage Rhythm Section
648;Orchestral Tools;Berlin Percussion
649;Sample Logic;CinemorphX
650;Native Instruments;Black Arc
651;Heavyocity;GP01 Natural Forces
652;Native Instruments;Symphony Series Brass Collection
653;Native Instruments;Cavern Floor
654;Cinesamples;CinePerc
656;Orange Tree Samples;Evolution Strawberry (New Version)
659;Native Instruments;Una Corda
660;Native Instruments;Komplete 9
661;Native Instruments;Komplete 9 Ultimate
663;Native Instruments;Kinetic Toys
666;Soundiron;Venus - Symphonic Womens Choir
667;Soundiron;Mars - Symphonic Mens Choir
668;Soundiron;Apocalypse Percussion Ensemble
669;Soundiron;Mercury - Symphonic Boychoir
670;Native Instruments;Symphony Essentials String Ensemble
671;Native Instruments;Reaktor Blocks Wired
672;Orchestral Tools;Metropolis Ark 1
673;Orange Tree Samples;Evolution Modern Nylon
675;Native Instruments;Solar Breeze
680;Native Instruments;Helios Ray
681;Native Instruments;Lazer Dice
682;Embertone;Fischer Viola
684;Orange Tree Samples;Evolution Banshee
687;Native Instruments;Crystal Daggers
688;Spitfire Audio;Albion ONE
689;Sonic Faction;Archetype
691;Heavyocity;GP02 Vocalise
695;Impact Soundworks;Shreddage Bass 2
698;Heavyocity;Master Sessions Ensemble Metals
699;Heavyocity;Master Sessions Ethnic Drum Ensembles
701;Heavyocity;HYML_RC1 (aka Heavyocity Masters Sessions Ensemble Drums)
702;Native Instruments;Battery Studio Drums
703;Native Instruments;Synthetic Drums
704;Native Instruments;Reaktor Electronic Instruments
705;Native Instruments;Absynth Sounds Volume 1
706;Native Instruments;Reaktor Electronic Instruments 2
707;Native Instruments;Electronic Instruments 2 XT
708;Native Instruments;Keyboard Collection
709;Gospelmusicians;Neo-Soul Keys
710;East West Quantum Leap;Hardcore Bass
711;East West Quantum Leap;Symphonic Orchestra Volume 1 Strings
712;East West Quantum Leap;Symphonic Orchestra Volume 2 Woodwinds
713;East West Quantum Leap;Symphonic Orchestra Volume 3 Brass
714;East West Quantum Leap;Symphonic Orchestra Volume 4 Percussion
715;Sampletekk;Boesendorfer 290
716;East West Quantum Leap;Silver Edition
718;Garritan;Garritan Personal Orchestra
719;Zero-G;Morphology
720;Galaxy Instruments;Galaxy Steinway 5.1
721;East West Quantum Leap;Storm Drum Kompakt
722;East West Quantum Leap;PSP Vapor Virtual Synthesizer
723;East West Quantum Leap;Gold Edition
725;East West Quantum Leap;Storm Drum Intakt
726;Best Service;Cult Sampler
727;Zero-G;The Operating Table
728;Zero-G;Wired
729;Native Instruments;Koncept+Funktion
730;Zero-G;AfroLatin Slam
731;Zero-G;NuJointz
732;East West Quantum Leap;PSP StormBreakz
733;East West Quantum Leap;HCB Vintage Expansion
734;East West Quantum Leap;PSP Drumkit From Hell 2
735;East West Quantum Leap;PSP Adrenaline
736;East West Quantum Leap;PSP Percussive Adventures 2 LE
737;Zero-G;Sounds Of Polynesia
738;East West Quantum Leap;Percussive Adventures 2
739;Zero-G;Altered States Intakt
740;Zero-G;Sounds of the 70s
741;Best Service;Artist Grooves
742;Big Fish Audio;London Solo Strings
743;Big Fish Audio;Raging Guitars
744;Vir2;Fractured: Prepared Acoustic Guitar
745;Big Fish Audio;First Call Horns
747;Cinesamples;CineBrass Core
748;Cinesamples;CineBrass Pro
749;Big Fish Audio;Celtic Instruments
750;Zero-G;Beats Working In Cuba
751;Future Music;Future Loops
752;East West Quantum Leap;Colossus
753;East West Quantum Leap;RA
754;Zero-G;Analogue Sequencer Loops
756;Best Service;Latin World
757;Tapspace;Virtual Drumline 2
758;Computer Music;CM Session
759;Art Vista;Virtual Grand Piano
760;Native Instruments;Synthetic Drums 2
762;East West Quantum Leap;Symphonic Choirs
763;Best Service;Ethno World Complete 3
764;Zero-G;Nostalgia
765;Native Instruments;Kontakt Experience
766;Best Service;Peter Siedlaczek's String Essentials
767;Garritan;Jazz and Bigband
768;Zero-G;Vocal Forge
769;East West Quantum Leap;EWQLSO Pro XP Strings
770;East West Quantum Leap;EWQLSO Pro XP Woodwinds
771;East West Quantum Leap;EWQLSO Pro XP Brass
772;East West Quantum Leap;EWQLSO Pro XP Percussion
773;East West Quantum Leap;EWQLSO Pro XP Gold
774;East West Quantum Leap;EWQLSO Pro XP Silver
775;Zero-G;Outer Limits
776;Best Service;Orient World
777;Best Service;Peter Siedlaczek's Complete Classical Collection
778;Best Service;Chris Hein Horns Compact
781;Best Service;Chris Hein Horns Pro Complete
782;Sony;Sony ACID Pro
783;Garritan;Stradivari Solo Violin
784;Fixed Noise;OTTO
785;Best Service;Chris Hein - Guitars
787;Vir2;Acoustic Legends HD
788;Sample Logic;Ambience Impacts Rhythms (A.I.R.)
789;Dan Dean;Solo Strings Advanced
790;Garritan;GPO Tracktion 3 Edition
791;Pro Audio Vault;Bluthner Model One
792;Garritan;Gofriller Cello
793;TerraTec Producer;WAVE XTABLE VI
794;Vir2;VI One
795;Big Fish Audio;Raging Guitars
796;Garritan;Jazz And Big Band KP2
797;Big Fish Audio;London Solo Strings KP2
798;Big Fish Audio;First Call Horns KP2
799;Garritan;Garritan Personal Orchestra KP2
800;Vir2;SyntaX
801;Tapspace;Virtual Drumline 2.5
802;Best Service;Galaxy II
803;Garritan;Concert and Marching Band
804;Orchestral Tools;Symphonic Sphere
805;Orchestral Tools;Orchestral String Runs
806;Kirk Hunter Studios;Pop Rock Strings
809;Big Fish Audio;RiG: Urban Workstation
810;Cinesamples;Voxos: Epic Virtual Choir
811;Vir2;Q
812;Cinesamples;Hollywood Winds
813;Sample Logic;Cinematic Guitars
814;Vir2;Violence
815;Prominy;SR5 Rock Bass
818;Sidsonic Libraries;Circus Circuit Bending
819;Best Service;Chris Hein Horns Vol 3
820;Best Service;Chris Hein Horns Vol 4
821;Best Service;CHH Compact
822;Audiobro;LA Scoring Strings
823;Best Service;Galaxy Vintage D
824;Best Service;Accordions
825;Best Service;Ethno World 5 Voices And Choirs
826;Best Service;Ethno World 5 Instruments
827;Sample Modeling;Mr. Sax T
828;Sample Modeling;The Trumpet
829;Prominy;SC Electric Guitar
830;Mixosaurus;Mixosaurus Kit A
831;Sonivox;Presonus VI
832;Sample Logic;The Elements
833;Zero-G;Phaedra
834;Best Service;Peter Siedlaczek's Complete Classical Collection
835;Best Service;Peter Siedlaczek's String Essentials
836;Best Service;Ethno World 4
837;Best Service;Chris Hein Bass
838;Best Service;Convolution Space
839;Best Service;Galaxy Steinway OEM
840;Xsample;Xsample Chamber Ensemble
841;Vir2;Elite Orchestral Percussion
842;Vir2;BASiS
843;Vir2;Electri6ity
844;Vir2;MOJO: Horn Section
845;Vir2;World Impact: Global Percussion
846;Art Vista;Virtual Grand Piano 2
847;Sonic Reality;Ocean Way Drums Gold
848;Sonic Reality;Ocean Way Drums Platinum
849;Heavyocity;Evolve
850;Best Service;Chris Hein Horns Solo
851;Best Service;Chris Hein Horns Vol 2
852;Vir2;Synergy
853;Fixed Noise;Kreate
854;ProjectSAM;Symphobia
855;ProjectSAM;Orchestral Brass Classic
856;Akki Plugs;Virtual Bouzouki
857;Spitfire Audio;Chamber Strings
858;Spitfire Audio;Symphonic Strings
859;Spitfire Audio;Great British Brass
860;Sonic Reality;Infinite Player
861;Vital Arts;Plectrum
862;Sonic Reality;Ocean Way Expandable
863;Steven Slate;Steven Slate Drums LE
864;Steven Slate;Steven Slate Drums Platinum
865;Steven Slate;Steven Slate Drums EX
867;Sample Modeling;Mr. Sax B + A
868;Sample Modeling;The Sax Brothers
869;Sample Modeling;The Trombone
870;Native Instruments;Pro-52
872;Native Instruments;Pro-52
873;Native Instruments;Pro-52
874;Fable Sounds;Broadway Big Band
875;Fable Sounds;Broadway Lites
876;Orange Tree Samples;Evolution Dracus
878;Sample Logic;Cyclone
879;Sample Logic;Assault
880;Sample Logic;Morphestra Generations/Morphestra 2
881;Fixed Noise;Rhythm Objekt
882;Soniccoutre;Glassworks
883;Drumasonic;Drumasonic
884;Sidsonic Libraries;Tubes!
885;ProjectSAM;True Strike 1 Orchestral Percussion
886;ProjectSAM;True Strike 2 World & Effects Percussion
887;ProjectSAM;Symphobia 2
888;ProjectSAM;Concert Harp
889;ProjectSAM;Organ Mystique
890;Audiobro;LA Scoring Strings Lite
891;Audiobro;LA Scoring Strings First Chair
893;Audiobro;LASS Legato Sordino
895;Sample Modeling;French Horn And Tuba
897;Spitfire Audio;Albion III: Iceni
899;Spitfire Audio;Spitfire Percussion
900;Best Service;Chris Hein Bass Download Edtion
901;Best Service;Ethno World 4 Pro Download Edition
902;Best Service;Galaxy II DE
903;Best Service;Chris Hein Guitars DE
904;Xsample;Xsample Chamber Ensemble DE
905;Best Service;Chris Hein Horns Solo DE
906;Best Service;Chris Hein Horns Vol 2 DE
908;Best Service;Galaxy Vienna Grand
909;Best Service;Galaxy Steinway
910;Best Service;Galaxy 1929 German Grand (aka Galaxy 1929 German Baby Grand)
911;Vir2;Studio Kit Builder
912;Sample Logic;Rumble
913;Sample Logic;Fanfare
914;Big Fish Audio;Vintage Vibe
915;8Dio;Epic Frame Drum Ensemble
917;Soundiron;Emotional Piano
918;Soundiron;Struck Grand
919;Soundiron;Requiem Light
921;Soniccoutre;EP73 Deconstructed
922;Soniccoutre;Konkrete
923;Soniccoutre;Broken Wurli
924;Soniccoutre;Novachord
925;Soniccoutre;Array Mbira
926;Soniccoutre;Xtended Piano
927;Soniccoutre;Ondes
928;Soniccoutre;Pan Drums (aka Pan Drums 2)
929;Soniccoutre;The Conservatoire Collection
930;Native Instruments;Bandstand
931;Best Service;Nitron
932;Audio Raiders;Sasha Soundlab
933;RealiTone;Realivox The Ladies
935;Spitfire Audio;Albion
936;Prominy;V-Metal
937;Native Instruments;Orchestral Essentials
938;Gospelmusicians;MK Sensation
940;Native Instruments;Kore
941;Native Instruments;Kore 2
942;Cinesamples;CineBrass Descant Horn
943;Spitfire Audio;London Contemporary Strings
945;Native Instruments;Kore Player
949;Native Instruments;Thrill
950;Native Instruments;NI Komplete 2
951;Native Instruments;Komplete 2
952;Native Instruments;Komplete 2
953;Native Instruments;Komplete 2
954;Native Instruments;Komplete 2
955;Native Instruments;Komplete 2
956;Native Instruments;NI Komplete Care 2005
957;Native Instruments;Komplete Sound
958;Native Instruments;Komplete 3
961;Native Instruments;NI Essentials
962;Native Instruments;NI Essentials
963;Native Instruments;NI Komplete Care 2006
964;Native Instruments;Komplete Sound 2
965;Native Instruments;Komplete 4
966;Native Instruments;Komplete 5
967;Native Instruments;Komplete Synths
968;Native Instruments;Komplete Classics
970;Native Instruments;Komplete 7
971;Native Instruments;Komplete 7 Elements
972;Native Instruments;Komplete 7 Player
973;Native Instruments;Komplete Elements
974;Native Instruments;Komplete 8
975;Native Instruments;Komplete 8 Ultimate
976;Native Instruments;Komplete 8 Players
977;Native Instruments;Komplete Elements Mk2
978;Cinematic Strings;Cinematic Strings
979;Sonokinetic;Vivace
980;Wave Alchemy;Transistor Revolution
982;;Black
983;8mosphere;The 13 Cosmic Rays
984;Art Vista;Tony's  Old School Bass
985;Art Vista;Tony's Bright and Funky Bass
986;Art Vista;Tony's Double Neck Bass
987;Art Vista;Back Beat Bass
989;4SCORING;Solo Violino Classico
990;4SCORING;Solo Violino Virtuoso
991;Orchestral Tools;Berlin Woodwinds
992;Spitfire Audio;Albion II: Loegria
993;Sample Logic;Cinematic Guitars 2
995;Zapzorn;Zapzorn Elements
996;Impact Soundworks;Shreddage II
997;Evolution Series;World Percussion 2.0
998;Output;REV
999;Native Instruments;Komplete Selection, Percussion Hits
0PA;Strezov Sampling;Tickle
23Y;Strezov Sampling;Freyja Female Choir v1.1
8YP;Strezov Sampling;Rhodope Ethnic Bulgarian Choir
MUC;Strezov Sampling;Storm Choir
MUD;Strezov Sampling;Storm Choir 2
AA0;Christian John;Keyscape Library by Christian John
AA1;Ivy Audio;Clare Solo V2
AA2;Ivy Audio;Carpenter Trombone
AB0;Ilya Efimov;Acoustic Guitar
AB1;Ilya Efimov;Acoustic Guitar Strum
AB2;Ilya Efimov;Nylon Guitar
AB3;Ilya Efimov;Nylon Guitar Strum
AB4;Ilya Efimov;LP Electric Guitar
AB5;Ilya Efimov;LP Electric Guitar Strum
AB6;Ilya Efimov;TC Electric Guitar
AB7;Ilya Efimov;TC Electric Guitar Strum
AB8;Ilya Efimov;Fretless Bass
AB9;Ilya Efimov;Retro Bass
8D0;8Dio;Adagio Violins Vol.1
8D1;8Dio;Adagio Violins Vol.1.1
8D2;8Dio;Adagio Violas Vol.1
8D3;8Dio;Epic Toms Ensemble
8D4;8Dio;Adagio Cellos Vol.1
8D5;8Dio;Adagio Basses  Vol.1
8D6;8Dio;Requiem Pro
8D7;8Dio;Ambient Guitar
8D8;8Dio;
8D9;8Dio;Hybrid Tools Vol.2
9A0;Embertone;Sensual Saxophone
9A1;PettinHouse;Acoustic Guitar Complete
9A2;Cinematic Strings;Monster Staccatos
9A3;Strezov Sampling;Tickle
9A4;Vienna Symphonic Library;Epic Horns
9A5;Unversalsampling;Windchimes
9A6;Impact Soundworks;Django Gypsy Guitar
9AC;;Synthesis
C08;8Dio;Liberis Angelic Choir
CC7;Spitfire Audio;Albions Collection
CC8;Spitfire Audio;BML Bones Vol.1
CC9;Spitfire Audio;Orchestral Grand Piano
D05;8Dio;Requim Pro
DD0;Spitfire Audio;Solo Strings
DD1;Spitfire Audio;BML Horn Section
DD2;Spitfire Audio;BML Low Brass
DD3;Spitfire Audio;Sable Strings Vol.1
DD4;Spitfire Audio;Sable Strings Vol.2
DD5;Spitfire Audio;Spitfire Sable Vol.3
DD6;Spitfire Audio;Flute Consort Vol.1
DD7;Spitfire Audio;Harp Redux
DD8;Spitfire Audio;Harpsichord
DD9;8Dio;Epic Taiko Ensemble
EC1;Soundiron;Mercury
EE0;Cinesamples;CinePerc Core
EE1;Cinesamples;CinePerc Pro
EE2;Cinesamples;CinePerc Epic
EE3;Cinesamples;CinePerc Aux
EE4;Spitfire Audio;Grand Cimbalom
EE5;Cinesamples;Piano in Blue
EE6;Cinesamples;Drums of War
EE7;Cinesamples;Drums of War 2
EE8;Cinesamples;Randy's Celeste
EE9;Cinesamples;CineBells
EEA;Cinesamples;Piano in Blue 2
F00;Native Instruments;Guitar Rig Transient Master for Maschine
F01;Native Instruments;Guitar Rig VC 160 for Maschine
F02;Native Instruments;Guitar Rig VC 2A for Maschine
F03;Native Instruments;Guitar Rig VC 76 for Maschine
FE3;Native Instruments;Guitar Rig Pro Library for Machine
FE4;Native Instruments;Guitar Rig Factory Selection for Machine
FE5;Native Instruments;Guitar Rig Elements for Maschine
FF1;Soundiron;Mars
FF3;Native Instruments;Guitar Rig Pro Library for Maschine
FF6;Native Instruments;Solid Dynamics for Maschine
FF7;Native Instruments;Solid Bus Comp for Maschine
FF8;Native Instruments;Solid EQ for Maschine
FF9;Native Instruments;Guitar Rig VC 160 for Machine
FFA;Native Instruments;FFA Guitar Rig VC 2A for Maschine
FFB;Native Instruments;Guitar Rig VC 76 for Maschine
FFC;Native Instruments;Traktors 12 for Maschine
FFD;Native Instruments;Rammfire for Maschine
FFE;Native Instruments;Reflektor for Maschine
FFF;Native Instruments;Guitar Rig Transient Master for Maschine
FX0;Native Instruments;Choral
FX1;Native Instruments;Flair
FX2;Native Instruments;Phasis
FX4;Native Instruments;Bite
FX5;Native Instruments;Freak
FX6;Native Instruments;Dirt
HTP;Strezov Sampling;Arva Children Choir
K01;Native Instruments;Middle East
K02;Native Instruments;Session Guitarist - Electric Sunburst
K04;Native Instruments;Session Strings Pro 2
K07;Native Instruments;Noire
K6E;Native Instruments;Kontakt 6
MTK;8Dio;Lacrimosa Epic Choir
MNL;Zero-G;Ethera Gold
MNM;Zero-G;Ethera 2.0
MXE;Native Instruments;Massive X
MXL;Native Instruments;Massive X Library
NB1;Native Instruments;Native Browser Preview Library
P04;Orchestral Tools;Inspire
P10;Embertone;Joshua Bell Violin
P37;Red Room Audio;Palette
P78;Spitfire Audio;Olafur Arnalds Chamber Evolutions
P85;Cinesamples;CinePiano
P74;Orchestral Tools;Metropolis Ark 3
Q23;Orchestral Tools;Inspire 2
Q28;Cinesamples;90s Retro Trumpets
Q47;Cinesamples;Voices of War - Men of the North
Q53;Orchestral Tools;The Orchestral Grands
Q82;Cinesamples;CineWinds Monster Low Winds
SE1;Native Instruments;Symphony Essentials Percussion
SWY;Strezov Sampling;Wotan Male Choir v1.2
T38;Soundiron;Venus Symphonic Womens Choir
TRK;Native Instruments;TRK-01
W24;Spitfire Audio;Spitfire Solo Violin
W35;Cinesamples;Taylor Davis
X01;Native Instruments;London Grit
X03;Native Instruments;Byte Riot
X04;Native Instruments;Decoded Forms
X05;Native Instruments;Deep Matter
X2Y;Cinesamples;CineBells
W03;Cinesamples;Artist Series - Randys Prepared Piano